,kv,phases,inservice,pos,blob,secids,contraction
7,16.0,3.0,True,"(237043.7529030898, 3813497.898041254)","POLYGON ((237041.80199986964 3813487.600102748, 237040.85005631726 3813487.8385521946, 237039.92606876616 3813488.169160227, 237039.03893572153 3813488.5887429086, 237038.1972007596 3813489.093259429, 237037.40897024816 3813489.6778510185, 237036.68183527794 3813490.33688774, 237036.02279855617 3813491.0640227105, 237035.43820696676 3813491.852253222, 237034.9336904463 3813492.6939881835, 237034.5141077647 3813493.581121228, 237034.1834997325 3813494.5051087793, 237033.94505028578 3813495.457052332, 237033.80105582307 3813496.4277841486, 237033.7529030898 3813497.407955552, 237033.80105582307 3813498.3881269554, 237033.94505028578 3813499.358858772, 237034.1834997325 3813500.3108023247, 237034.5141077647 3813501.234789876, 237034.9336904463 3813502.1219229205, 237035.43820696676 3813502.963657882, 237036.02279855617 3813503.7518883934, 237036.68183527794 3813504.479023364, 237037.40897024816 3813505.1380600855, 237038.1972007596 3813505.722651675, 237039.03893572153 3813506.2271681954, 237039.92606876616 3813506.646750877, 237040.85005631726 3813506.9773589093, 237041.80199986964 3813507.215808356, 237042.7727316865 3813507.359802819, 237043.7529030898 3813507.407955552, 237044.7330744931 3813507.359802819, 237045.70380630996 3813507.215808356, 237046.65574986234 3813506.9773589093, 237047.57973741344 3813506.646750877, 237048.46687045807 3813506.2271681954, 237049.30860542 3813505.722651675, 237050.09683593144 3813505.1380600855, 237050.82397090166 3813504.479023364, 237051.48300762344 3813503.7518883934, 237052.06759921284 3813502.963657882, 237052.5721157333 3813502.1219229205, 237052.9916984149 3813501.234789876, 237053.3223064471 3813500.3108023247, 237053.56075589382 3813499.358858772, 237053.70475035653 3813498.3881269554, 237053.7529030898 3813497.407955552, 237053.70475035653 3813496.4277841486, 237053.56075589382 3813495.457052332, 237053.3223064471 3813494.5051087793, 237052.9916984149 3813493.581121228, 237052.5721157333 3813492.6939881835, 237052.06759921284 3813491.852253222, 237051.48300762344 3813491.0640227105, 237050.82397090166 3813490.33688774, 237050.09683593144 3813489.6778510185, 237049.30860542 3813489.093259429, 237048.46687045807 3813488.5887429086, 237047.57973741344 3813488.169160227, 237046.65574986234 3813487.8385521946, 237045.70380630996 3813487.600102748, 237044.7330744931 3813487.456108285, 237043.7529030898 3813487.407955552, 237042.7727316865 3813487.456108285, 237041.80199986964 3813487.600102748))",[169484961],
10,16.0,3.0,True,"(236506.6776578076, 3813595.0414999565)","POLYGON ((236504.72675458743 3813584.743561451, 236503.77481103505 3813584.9820108977, 236502.85082348395 3813585.31261893, 236501.96369043933 3813585.7322016116, 236501.1219554774 3813586.236718132, 236500.33372496595 3813586.8213097216, 236499.60658999573 3813587.480346443, 236498.94755327396 3813588.2074814136, 236498.36296168456 3813588.995711925, 236497.8584451641 3813589.8374468866, 236497.4388624825 3813590.7245799312, 236497.1082544503 3813591.6485674824, 236496.86980500357 3813592.600511035, 236496.72581054087 3813593.5712428517, 236496.6776578076 3813594.551414255, 236496.72581054087 3813595.5315856584, 236496.86980500357 3813596.502317475, 236497.1082544503 3813597.4542610277, 236497.4388624825 3813598.378248579, 236497.8584451641 3813599.2653816235, 236498.36296168456 3813600.107116585, 236498.94755327396 3813600.8953470965, 236499.60658999573 3813601.622482067, 236500.33372496595 3813602.2815187885, 236501.1219554774 3813602.866110378, 236501.96369043933 3813603.3706268985, 236502.85082348395 3813603.79020958, 236503.77481103505 3813604.1208176124, 236504.72675458743 3813604.3592670592, 236505.6974864043 3813604.503261522, 236506.6776578076 3813604.551414255, 236507.6578292109 3813604.503261522, 236508.62856102776 3813604.3592670592, 236509.58050458014 3813604.1208176124, 236510.50449213124 3813603.79020958, 236511.39162517586 3813603.3706268985, 236512.2333601378 3813602.866110378, 236513.02159064924 3813602.2815187885, 236513.74872561946 3813601.622482067, 236514.40776234123 3813600.8953470965, 236514.99235393063 3813600.107116585, 236515.49687045108 3813599.2653816235, 236515.9164531327 3813598.378248579, 236516.2470611649 3813597.4542610277, 236516.48551061162 3813596.502317475, 236516.62950507432 3813595.5315856584, 236516.6776578076 3813594.551414255, 236516.62950507432 3813593.5712428517, 236516.48551061162 3813592.600511035, 236516.2470611649 3813591.6485674824, 236515.9164531327 3813590.7245799312, 236515.49687045108 3813589.8374468866, 236514.99235393063 3813588.995711925, 236514.40776234123 3813588.2074814136, 236513.74872561946 3813587.480346443, 236513.02159064924 3813586.8213097216, 236512.2333601378 3813586.236718132, 236511.39162517586 3813585.7322016116, 236510.50449213124 3813585.31261893, 236509.58050458014 3813584.9820108977, 236508.62856102776 3813584.743561451, 236507.6578292109 3813584.599566988, 236506.6776578076 3813584.551414255, 236505.6974864043 3813584.599566988, 236504.72675458743 3813584.743561451))",[18619198],
11,16.0,3.0,True,"(236507.8305554872, 3813633.8161956593)","POLYGON ((236505.87965226703 3813623.5182571537, 236504.92770871465 3813623.7567066005, 236504.00372116355 3813624.0873146327, 236503.11658811892 3813624.5068973145, 236502.274853157 3813625.011413835, 236501.48662264555 3813625.5960054244, 236500.75948767533 3813626.255042146, 236500.10045095356 3813626.9821771164, 236499.51585936415 3813627.770407628, 236499.0113428437 3813628.6121425894, 236498.5917601621 3813629.499275634, 236498.26115212988 3813630.423263185, 236498.02270268317 3813631.375206738, 236497.87870822047 3813632.3459385545, 236497.8305554872 3813633.326109958, 236497.87870822047 3813634.3062813613, 236498.02270268317 3813635.277013178, 236498.26115212988 3813636.2289567306, 236498.5917601621 3813637.1529442817, 236499.0113428437 3813638.0400773264, 236499.51585936415 3813638.881812288, 236500.10045095356 3813639.6700427993, 236500.75948767533 3813640.39717777, 236501.48662264555 3813641.0562144914, 236502.274853157 3813641.640806081, 236503.11658811892 3813642.1453226013, 236504.00372116355 3813642.564905283, 236504.92770871465 3813642.895513315, 236505.87965226703 3813643.133962762, 236506.8503840839 3813643.2779572248, 236507.8305554872 3813643.326109958, 236508.8107268905 3813643.2779572248, 236509.78145870735 3813643.133962762, 236510.73340225974 3813642.895513315, 236511.65738981083 3813642.564905283, 236512.54452285546 3813642.1453226013, 236513.3862578174 3813641.640806081, 236514.17448832883 3813641.0562144914, 236514.90162329905 3813640.39717777, 236515.56066002083 3813639.6700427993, 236516.14525161023 3813638.881812288, 236516.64976813068 3813638.0400773264, 236517.0693508123 3813637.1529442817, 236517.3999588445 3813636.2289567306, 236517.6384082912 3813635.277013178, 236517.78240275392 3813634.3062813613, 236517.8305554872 3813633.326109958, 236517.78240275392 3813632.3459385545, 236517.6384082912 3813631.375206738, 236517.3999588445 3813630.423263185, 236517.0693508123 3813629.499275634, 236516.64976813068 3813628.6121425894, 236516.14525161023 3813627.770407628, 236515.56066002083 3813626.9821771164, 236514.90162329905 3813626.255042146, 236514.17448832883 3813625.5960054244, 236513.3862578174 3813625.011413835, 236512.54452285546 3813624.5068973145, 236511.65738981083 3813624.0873146327, 236510.73340225974 3813623.7567066005, 236509.78145870735 3813623.5182571537, 236508.8107268905 3813623.374262691, 236507.8305554872 3813623.326109958, 236506.8503840839 3813623.374262691, 236505.87965226703 3813623.5182571537))",[172773681],
13,16.0,3.0,True,"(236156.3718876887, 3813760.99406147)","POLYGON ((236155.3917162854 3813750.5521285017, 236154.42098446854 3813750.6961229644, 236153.46904091616 3813750.9345724112, 236152.54505336506 3813751.2651804434, 236151.65792032043 3813751.684763125, 236150.8161853585 3813752.1892796457, 236150.02795484706 3813752.773871235, 236149.30081987684 3813753.4329079567, 236148.64178315506 3813754.160042927, 236148.05719156566 3813754.9482734385, 236147.5526750452 3813755.7900084, 236147.1330923636 3813756.6771414448, 236146.8024843314 3813757.601128996, 236146.56403488468 3813758.5530725485, 236146.42004042197 3813759.523804365, 236146.3718876887 3813760.5039757686, 236146.42004042197 3813761.484147172, 236146.56403488468 3813762.4548789887, 236146.8024843314 3813763.4068225413, 236147.1330923636 3813764.3308100924, 236147.5526750452 3813765.217943137, 236148.05719156566 3813766.0596780987, 236148.64178315506 3813766.84790861, 236149.30081987684 3813767.5750435805, 236150.02795484706 3813768.234080302, 236150.8161853585 3813768.8186718915, 236151.65792032043 3813769.323188412, 236152.54505336506 3813769.7427710937, 236153.46904091616 3813770.073379126, 236154.42098446854 3813770.311828573, 236155.3917162854 3813770.4558230354, 236156.3718876887 3813770.5039757686, 236157.352059092 3813770.4558230354, 236158.32279090886 3813770.311828573, 236159.27473446124 3813770.073379126, 236160.19872201234 3813769.7427710937, 236161.08585505697 3813769.323188412, 236161.9275900189 3813768.8186718915, 236162.71582053034 3813768.234080302, 236163.44295550056 3813767.5750435805, 236164.10199222233 3813766.84790861, 236164.68658381174 3813766.0596780987, 236165.1911003322 3813765.217943137, 236165.6106830138 3813764.3308100924, 236165.941291046 3813763.4068225413, 236166.17974049272 3813762.4548789887, 236166.32373495543 3813761.484147172, 236166.3718876887 3813760.5039757686, 236166.32373495543 3813759.523804365, 236166.17974049272 3813758.5530725485, 236165.941291046 3813757.601128996, 236165.6106830138 3813756.6771414448, 236165.1911003322 3813755.7900084, 236164.68658381174 3813754.9482734385, 236164.10199222233 3813754.160042927, 236163.44295550056 3813753.4329079567, 236162.71582053034 3813752.773871235, 236161.9275900189 3813752.1892796457, 236161.08585505697 3813751.684763125, 236160.19872201234 3813751.2651804434, 236159.27473446124 3813750.9345724112, 236158.32279090886 3813750.6961229644, 236157.352059092 3813750.5521285017, 236156.3718876887 3813750.5039757686, 236155.3917162854 3813750.5521285017))",,
44,16.0,3.0,True,"(237177.45118142292, 3813615.9577355264)","POLYGON ((237187.76560956912 3813591.058204824, 237186.79487775225 3813591.202199287, 237185.84293419987 3813591.4406487336, 237184.91894664877 3813591.771256766, 237184.03181360415 3813592.1908394475, 237183.19007864222 3813592.695355968, 237182.40184813077 3813593.2799475575, 237181.67471316055 3813593.938984279, 237181.01567643878 3813594.6661192495, 237180.43108484938 3813595.454349761, 237179.92656832893 3813596.2960847225, 237179.5069856473 3813597.183217767, 237179.1763776151 3813598.1072053183, 237178.9379281684 3813599.059148871, 237178.7939337057 3813600.0298806876, 237178.74578097241 3813601.010052091, 237178.7939337057 3813601.9902234944, 237178.9379281684 3813602.960955311, 237179.1763776151 3813603.9128988637, 237179.5069856473 3813604.836886415, 237179.92656832893 3813605.7240194594, 237179.97392942992 3813605.803036683, 237179.40208464308 3813605.6597970203, 237178.4313528262 3813605.5158025576, 237177.45118142292 3813605.4676498245, 237176.47101001962 3813605.5158025576, 237175.50027820276 3813605.6597970203, 237174.54833465038 3813605.898246467, 237173.62434709928 3813606.2288544993, 237172.73721405465 3813606.648437181, 237171.89547909272 3813607.1529537016, 237171.10724858128 3813607.737545291, 237170.38011361106 3813608.3965820125, 237169.72107688928 3813609.123716983, 237169.13648529988 3813609.9119474944, 237168.63196877943 3813610.753682456, 237168.21238609782 3813611.6408155006, 237167.8817780656 3813612.5648030518, 237167.6433286189 3813613.5167466043, 237167.4993341562 3813614.487478421, 237167.45118142292 3813615.4676498245, 237167.4993341562 3813616.447821228, 237167.6433286189 3813617.4185530446, 237167.8817780656 3813618.370496597, 237168.21238609782 3813619.2944841483, 237168.63196877943 3813620.181617193, 237169.11667543493 3813620.9903013916, 237169.09862860382 3813620.983844132, 237168.14668505144 3813620.7453946853, 237167.17595323457 3813620.6014002226, 237166.19578183128 3813620.5532474895, 237165.215610428 3813620.6014002226, 237164.24487861112 3813620.7453946853, 237163.29293505874 3813620.983844132, 237162.36894750764 3813621.3144521643, 237161.481814463 3813621.734034846, 237160.64007950108 3813622.2385513666, 237160.2458454576 3813622.5309352605, 237159.48205046353 3813622.0731341587, 237158.5949174189 3813621.653551477, 237157.6709298678 3813621.322943445, 237156.71898631542 3813621.084493998, 237155.74825449855 3813620.9404995353, 237154.76808309526 3813620.892346802, 237153.78791169196 3813620.9404995353, 237152.8171798751 3813621.084493998, 237151.86523632272 3813621.322943445, 237150.94124877162 3813621.653551477, 237150.054115727 3813622.0731341587, 237149.21238076506 3813622.5776506793, 237148.42415025362 3813623.1622422687, 237147.6970152834 3813623.8212789902, 237147.03797856162 3813624.5484139607, 237146.45338697222 3813625.336644472, 237145.94887045177 3813626.1783794337, 237145.52928777016 3813627.0655124784, 237145.19867973795 3813627.9895000295, 237144.96023029124 3813628.941443582, 237144.81623582853 3813629.912175399, 237144.76808309526 3813630.892346802, 237144.81623582853 3813631.8725182055, 237144.96023029124 3813632.8432500223, 237145.19867973795 3813633.795193575, 237145.52928777016 3813634.719181126, 237145.94887045177 3813635.6063141706, 237146.45338697222 3813636.4480491322, 237147.03797856162 3813637.2362796436, 237147.6970152834 3813637.963414614, 237148.42415025362 3813638.6224513357, 237149.21238076506 3813639.207042925, 237150.054115727 3813639.7115594456, 237150.94124877162 3813640.1311421273, 237151.86523632272 3813640.4617501595, 237152.8171798751 3813640.7001996064, 237153.78791169196 3813640.844194069, 237154.76808309526 3813640.892346802, 237155.74825449855 3813640.844194069, 237156.71898631542 3813640.7001996064, 237157.6709298678 3813640.4617501595, 237158.5949174189 3813640.1311421273, 237159.48205046353 3813639.7115594456, 237160.32378542545 3813639.207042925, 237160.71801946894 3813638.914659031, 237161.481814463 3813639.372460133, 237162.36894750764 3813639.7920428147, 237163.29293505874 3813640.122650847, 237164.24487861112 3813640.3611002937, 237165.215610428 3813640.5050947564, 237166.19578183128 3813640.5532474895, 237167.17595323457 3813640.5050947564, 237168.14668505144 3813640.3611002937, 237169.09862860382 3813640.122650847, 237170.02261615492 3813639.7920428147, 237170.90974919955 3813639.372460133, 237171.75148416148 3813638.8679436124, 237172.14519761535 3813638.575945814, 237172.90651320262 3813639.0322608165, 237173.79364624724 3813639.4518434983, 237174.71763379834 3813639.7824515305, 237175.66957735072 3813640.0209009773, 237176.6403091676 3813640.16489544, 237177.62048057088 3813640.213048173, 237178.60065197418 3813640.16489544, 237179.57138379104 3813640.0209009773, 237180.52332734343 3813639.7824515305, 237181.44731489453 3813639.4518434983, 237182.33444793915 3813639.0322608165, 237183.17618290108 3813638.527744296, 237183.96441341253 3813637.9431527066, 237184.69154838275 3813637.284115985, 237185.35058510452 3813636.5569810146, 237185.93517669392 3813635.768750503, 237186.43969321437 3813634.9270155416, 237186.859275896 3813634.039882497, 237187.1898839282 3813633.115894946, 237187.4283333749 3813632.163951393, 237187.5723278376 3813631.1932195765, 237187.62048057088 3813630.213048173, 237187.5723278376 3813629.2328767697, 237187.4283333749 3813628.262144953, 237187.1898839282 3813627.3102014004, 237186.859275896 3813626.3862138493, 237186.43969321437 3813625.4990808046, 237185.93517669392 3813624.657345843, 237185.35058510452 3813623.8691153317, 237184.69154838275 3813623.141980361, 237184.2740998849 3813622.763627097, 237184.52224923478 3813622.5387176364, 237185.18128595655 3813621.811582666, 237185.76587754596 3813621.0233521545, 237186.2703940664 3813620.181617193, 237186.68997674802 3813619.2944841483, 237187.02058478023 3813618.370496597, 237187.25903422694 3813617.4185530446, 237187.40302868964 3813616.447821228, 237187.45118142292 3813615.4676498245, 237187.40302868964 3813614.487478421, 237187.25903422694 3813613.5167466043, 237187.02058478023 3813612.5648030518, 237186.68997674802 3813611.6408155006, 237186.2703940664 3813610.753682456, 237186.2230329654 3813610.6746652327, 237186.79487775225 3813610.817904895, 237187.76560956912 3813610.961899358, 237188.74578097241 3813611.010052091, 237189.7259523757 3813610.961899358, 237190.69668419258 3813610.817904895, 237191.64862774496 3813610.5794554483, 237192.57261529606 3813610.248847416, 237193.45974834068 3813609.8292647344, 237194.3014833026 3813609.324748214, 237195.08971381406 3813608.7401566245, 237195.81684878428 3813608.081119903, 237196.47588550605 3813607.3539849324, 237197.06047709545 3813606.565754421, 237197.5649936159 3813605.7240194594, 237197.98457629752 3813604.836886415, 237198.31518432972 3813603.9128988637, 237198.55363377644 3813602.960955311, 237198.69762823914 3813601.9902234944, 237198.74578097241 3813601.010052091, 237198.69762823914 3813600.0298806876, 237198.55363377644 3813599.059148871, 237198.31518432972 3813598.1072053183, 237197.98457629752 3813597.183217767, 237197.5649936159 3813596.2960847225, 237197.06047709545 3813595.454349761, 237196.47588550605 3813594.6661192495, 237195.81684878428 3813593.938984279, 237195.08971381406 3813593.2799475575, 237194.3014833026 3813592.695355968, 237193.45974834068 3813592.1908394475, 237192.57261529606 3813591.771256766, 237191.64862774496 3813591.4406487336, 237190.69668419258 3813591.202199287, 237189.7259523757 3813591.058204824, 237188.74578097241 3813591.010052091, 237187.76560956912 3813591.058204824))",[169484737],
51,16.0,3.0,True,"(237483.92824517842, 3813649.2526490986)","POLYGON ((237481.97734195826 3813638.9547105925, 237481.02539840588 3813639.1931600394, 237480.10141085478 3813639.5237680716, 237479.21427781016 3813639.9433507533, 237478.37254284823 3813640.447867274, 237477.58431233678 3813641.032458863, 237476.85717736656 3813641.691495585, 237476.1981406448 3813642.4186305553, 237475.6135490554 3813643.2068610666, 237475.10903253494 3813644.0485960282, 237474.68944985332 3813644.935729073, 237474.35884182111 3813645.859716624, 237474.1203923744 3813646.8116601766, 237473.9763979117 3813647.7823919933, 237473.92824517842 3813648.7625633967, 237473.9763979117 3813649.7427348, 237474.1203923744 3813650.713466617, 237474.35884182111 3813651.6654101694, 237474.68944985332 3813652.5893977205, 237475.10903253494 3813653.476530765, 237475.6135490554 3813654.318265727, 237476.1981406448 3813655.106496238, 237476.85717736656 3813655.8336312086, 237477.58431233678 3813656.49266793, 237478.37254284823 3813657.0772595196, 237479.21427781016 3813657.58177604, 237480.10141085478 3813658.001358722, 237481.02539840588 3813658.331966754, 237481.97734195826 3813658.570416201, 237482.94807377513 3813658.7144106636, 237483.92824517842 3813658.7625633967, 237484.90841658172 3813658.7144106636, 237485.87914839858 3813658.570416201, 237486.83109195097 3813658.331966754, 237487.75507950207 3813658.001358722, 237488.6422125467 3813657.58177604, 237489.48394750862 3813657.0772595196, 237490.27217802007 3813656.49266793, 237490.9993129903 3813655.8336312086, 237491.65834971206 3813655.106496238, 237492.24294130146 3813654.318265727, 237492.7474578219 3813653.476530765, 237493.16704050353 3813652.5893977205, 237493.49764853573 3813651.6654101694, 237493.73609798244 3813650.713466617, 237493.88009244515 3813649.7427348, 237493.92824517842 3813648.7625633967, 237493.88009244515 3813647.7823919933, 237493.73609798244 3813646.8116601766, 237493.49764853573 3813645.859716624, 237493.16704050353 3813644.935729073, 237492.7474578219 3813644.0485960282, 237492.24294130146 3813643.2068610666, 237491.65834971206 3813642.4186305553, 237490.9993129903 3813641.691495585, 237490.27217802007 3813641.032458863, 237489.48394750862 3813640.447867274, 237488.6422125467 3813639.9433507533, 237487.75507950207 3813639.5237680716, 237486.83109195097 3813639.1931600394, 237485.87914839858 3813638.9547105925, 237484.90841658172 3813638.81071613, 237483.92824517842 3813638.7625633967, 237482.94807377513 3813638.81071613, 237481.97734195826 3813638.9547105925))",[18619069],
53,16.0,3.0,True,"(237600.54198035624, 3813679.717066504)","POLYGON ((237610.98645769313 3813669.4255199204, 237610.01572587626 3813669.569514383, 237609.06378232388 3813669.80796383, 237608.13979477278 3813670.138571862, 237607.25266172815 3813670.558154544, 237606.41092676623 3813671.0626710644, 237606.0172133119 3813671.354668863, 237605.25589772398 3813670.8983538602, 237604.36876467936 3813670.4787711785, 237603.44477712826 3813670.1481631463, 237602.49283357587 3813669.9097136995, 237601.522101759 3813669.765719237, 237600.5419303557 3813669.7175665037, 237599.56175895242 3813669.765719237, 237598.59102713555 3813669.9097136995, 237597.63908358317 3813670.1481631463, 237596.71509603207 3813670.4787711785, 237595.82796298745 3813670.8983538602, 237594.98622802552 3813671.402870381, 237594.59330496323 3813671.6942819846, 237593.83129898433 3813671.2375531774, 237592.9441659397 3813670.8179704957, 237592.0201783886 3813670.4873624635, 237591.06823483622 3813670.2489130166, 237590.09750301935 3813670.104918554, 237589.11733161606 3813670.056765821, 237588.13716021276 3813670.104918554, 237587.1664283959 3813670.2489130166, 237586.2144848435 3813670.4873624635, 237585.29049729242 3813670.8179704957, 237584.4033642478 3813671.2375531774, 237583.56162928586 3813671.742069698, 237582.7733987744 3813672.3266612873, 237582.0462638042 3813672.985698009, 237581.38722708242 3813673.7128329794, 237580.80263549302 3813674.5010634908, 237580.29811897257 3813675.3427984524, 237579.87853629095 3813676.229931497, 237579.54792825875 3813677.153919048, 237579.30947881204 3813678.1058626007, 237579.16548434933 3813679.0765944174, 237579.11733161606 3813680.056765821, 237579.16548434933 3813681.036937224, 237579.30947881204 3813682.007669041, 237579.54792825875 3813682.9596125935, 237579.87853629095 3813683.8836001446, 237580.29811897257 3813684.7707331893, 237580.80263549302 3813685.612468151, 237581.38722708242 3813686.4006986623, 237582.0462638042 3813687.1278336328, 237582.7733987744 3813687.7868703543, 237583.56162928586 3813688.3714619437, 237584.4033642478 3813688.8759784643, 237585.29049729242 3813689.295561146, 237586.2144848435 3813689.626169178, 237587.1664283959 3813689.864618625, 237588.13716021276 3813690.0086130877, 237589.11733161606 3813690.056765821, 237590.09750301935 3813690.0086130877, 237591.06823483622 3813689.864618625, 237592.0201783886 3813689.626169178, 237592.9441659397 3813689.295561146, 237593.83129898433 3813688.8759784643, 237594.67303394625 3813688.3714619437, 237595.0659570085 3813688.08005034, 237595.82796298745 3813688.536779147, 237596.71509603207 3813688.956361829, 237597.63908358317 3813689.286969861, 237598.59102713555 3813689.525419308, 237599.56175895242 3813689.6694137705, 237600.5419303557 3813689.7175665037, 237601.522101759 3813689.6694137705, 237602.49283357587 3813689.525419308, 237603.44477712826 3813689.286969861, 237604.36876467936 3813688.956361829, 237605.25589772398 3813688.536779147, 237606.0976326859 3813688.0322626266, 237606.4913461404 3813687.740264828, 237607.25266172815 3813688.1965798307, 237608.13979477278 3813688.6161625125, 237609.06378232388 3813688.9467705446, 237610.01572587626 3813689.1852199915, 237610.98645769313 3813689.329214454, 237611.96662909642 3813689.3773671873, 237612.94680049972 3813689.329214454, 237613.91753231658 3813689.1852199915, 237614.86947586897 3813688.9467705446, 237615.79346342006 3813688.6161625125, 237616.6805964647 3813688.1965798307, 237617.52233142662 3813687.69206331, 237618.31056193807 3813687.107471721, 237619.0376969083 3813686.448434999, 237619.69673363006 3813685.7213000287, 237620.28132521946 3813684.9330695174, 237620.7858417399 3813684.0913345558, 237621.20542442153 3813683.204201511, 237621.53603245373 3813682.28021396, 237621.77448190044 3813681.3282704074, 237621.91847636315 3813680.3575385907, 237621.96662909642 3813679.3773671873, 237621.91847636315 3813678.397195784, 237621.77448190044 3813677.426463967, 237621.53603245373 3813676.4745204146, 237621.20542442153 3813675.5505328635, 237620.7858417399 3813674.663399819, 237620.28132521946 3813673.821664857, 237619.69673363006 3813673.033434346, 237619.0376969083 3813672.3062993754, 237618.31056193807 3813671.647262654, 237617.52233142662 3813671.0626710644, 237616.6805964647 3813670.558154544, 237615.79346342006 3813670.138571862, 237614.86947586897 3813669.80796383, 237613.91753231658 3813669.569514383, 237612.94680049972 3813669.4255199204, 237611.96662909642 3813669.3773671873, 237610.98645769313 3813669.4255199204))",[18619435],
56,16.0,3.0,True,"(237078.46078801353, 3813695.713720954)","POLYGON ((237078.46078801353 3813685.223635252, 237077.48061661024 3813685.271787985, 237076.50988479337 3813685.415782448, 237075.557941241 3813685.6542318948, 237074.6339536899 3813685.984839927, 237073.74682064526 3813686.4044226087, 237072.90508568333 3813686.908939129, 237072.1168551719 3813687.4935307186, 237071.38972020167 3813688.15256744, 237070.7306834799 3813688.8797024107, 237070.1460918905 3813689.667932922, 237069.64157537004 3813690.5096678836, 237069.22199268843 3813691.3968009283, 237068.89138465622 3813692.3207884794, 237068.6529352095 3813693.272732032, 237068.5089407468 3813694.2434638487, 237068.46078801353 3813695.223635252, 237068.5089407468 3813696.2038066555, 237068.6529352095 3813697.174538472, 237068.89138465622 3813698.126482025, 237069.22199268843 3813699.050469576, 237069.64157537004 3813699.9376026206, 237070.1460918905 3813700.779337582, 237070.7306834799 3813701.5675680935, 237071.38972020167 3813702.294703064, 237072.1168551719 3813702.9537397856, 237072.90508568333 3813703.538331375, 237073.74682064526 3813704.0428478955, 237074.6339536899 3813704.4624305773, 237075.557941241 3813704.7930386094, 237076.50988479337 3813705.0314880563, 237077.48061661024 3813705.175482519, 237078.46078801353 3813705.223635252, 237079.44095941682 3813705.175482519, 237080.4116912337 3813705.0314880563, 237081.36363478607 3813704.7930386094, 237082.28762233717 3813704.4624305773, 237083.1747553818 3813704.0428478955, 237084.01649034373 3813703.538331375, 237084.80472085517 3813702.9537397856, 237085.5318558254 3813702.294703064, 237086.19089254717 3813701.5675680935, 237086.77548413657 3813700.779337582, 237087.28000065702 3813699.9376026206, 237087.69958333863 3813699.050469576, 237088.03019137084 3813698.126482025, 237088.26864081755 3813697.174538472, 237088.41263528026 3813696.2038066555, 237088.46078801353 3813695.223635252, 237088.41263528026 3813694.2434638487, 237088.26864081755 3813693.272732032, 237088.03019137084 3813692.3207884794, 237087.69958333863 3813691.3968009283, 237087.28000065702 3813690.5096678836, 237086.77548413657 3813689.667932922, 237086.19089254717 3813688.8797024107, 237085.5318558254 3813688.15256744, 237084.80472085517 3813687.4935307186, 237084.01649034373 3813686.908939129, 237083.1747553818 3813686.4044226087, 237082.28762233717 3813685.984839927, 237081.36363478607 3813685.6542318948, 237080.4116912337 3813685.415782448, 237079.44095941682 3813685.271787985, 237078.46078801353 3813685.223635252))",[18619559],
58,16.0,3.0,True,"(237486.551440406, 3813728.5185403237)","POLYGON ((237484.60053718585 3813718.2206018176, 237483.64859363346 3813718.4590512644, 237482.72460608237 3813718.7896592966, 237481.83747303774 3813719.2092419784, 237480.9957380758 3813719.713758499, 237480.20750756437 3813720.2983500883, 237479.48037259415 3813720.95738681, 237478.82133587237 3813721.6845217803, 237478.23674428297 3813722.4727522917, 237477.73222776252 3813723.3144872533, 237477.3126450809 3813724.201620298, 237476.9820370487 3813725.125607849, 237476.743587602 3813726.0775514017, 237476.59959313928 3813727.0482832184, 237476.551440406 3813728.028454622, 237476.59959313928 3813729.008626025, 237476.743587602 3813729.979357842, 237476.9820370487 3813730.9313013945, 237477.3126450809 3813731.8552889456, 237477.73222776252 3813732.7424219903, 237478.23674428297 3813733.584156952, 237478.82133587237 3813734.372387463, 237479.48037259415 3813735.0995224337, 237480.20750756437 3813735.7585591553, 237480.9957380758 3813736.3431507447, 237481.83747303774 3813736.847667265, 237482.72460608237 3813737.267249947, 237483.64859363346 3813737.597857979, 237484.60053718585 3813737.836307426, 237485.5712690027 3813737.9803018887, 237486.551440406 3813738.028454622, 237487.5316118093 3813737.9803018887, 237488.50234362617 3813737.836307426, 237489.45428717855 3813737.597857979, 237490.37827472965 3813737.267249947, 237491.26540777428 3813736.847667265, 237492.1071427362 3813736.3431507447, 237492.89537324765 3813735.7585591553, 237493.62250821787 3813735.0995224337, 237494.28154493964 3813734.372387463, 237494.86613652905 3813733.584156952, 237495.3706530495 3813732.7424219903, 237495.7902357311 3813731.8552889456, 237496.12084376332 3813730.9313013945, 237496.35929321003 3813729.979357842, 237496.50328767273 3813729.008626025, 237496.551440406 3813728.028454622, 237496.50328767273 3813727.0482832184, 237496.35929321003 3813726.0775514017, 237496.12084376332 3813725.125607849, 237495.7902357311 3813724.201620298, 237495.3706530495 3813723.3144872533, 237494.86613652905 3813722.4727522917, 237494.28154493964 3813721.6845217803, 237493.62250821787 3813720.95738681, 237492.89537324765 3813720.2983500883, 237492.1071427362 3813719.713758499, 237491.26540777428 3813719.2092419784, 237490.37827472965 3813718.7896592966, 237489.45428717855 3813718.4590512644, 237488.50234362617 3813718.2206018176, 237487.5316118093 3813718.076607355, 237486.551440406 3813718.028454622, 237485.5712690027 3813718.076607355, 237484.60053718585 3813718.2206018176))",[18618981],
60,16.0,3.0,True,"(237659.64682045492, 3813738.1636490235)","POLYGON ((237658.66664905162 3813727.7217160547, 237657.69591723476 3813727.8657105174, 237656.74397368237 3813728.1041599642, 237655.81998613128 3813728.4347679964, 237654.93285308665 3813728.854350678, 237654.09111812472 3813729.3588671987, 237653.30288761327 3813729.943458788, 237652.57575264305 3813730.6024955097, 237651.91671592128 3813731.32963048, 237651.33212433188 3813732.1178609915, 237650.82760781143 3813732.959595953, 237650.40802512981 3813733.846728998, 237650.0774170976 3813734.770716549, 237649.8389676509 3813735.7226601015, 237649.6949731882 3813736.693391918, 237649.64682045492 3813737.6735633216, 237649.6949731882 3813738.653734725, 237649.8389676509 3813739.6244665417, 237650.0774170976 3813740.5764100943, 237650.40802512981 3813741.5003976454, 237650.82760781143 3813742.38753069, 237651.33212433188 3813743.2292656517, 237651.91671592128 3813744.017496163, 237652.57575264305 3813744.7446311335, 237653.30288761327 3813745.403667855, 237654.09111812472 3813745.9882594445, 237654.93285308665 3813746.492775965, 237655.81998613128 3813746.9123586467, 237656.74397368237 3813747.242966679, 237657.69591723476 3813747.481416126, 237658.66664905162 3813747.6254105885, 237659.64682045492 3813747.6735633216, 237660.6269918582 3813747.6254105885, 237661.59772367508 3813747.481416126, 237662.54966722746 3813747.242966679, 237663.47365477856 3813746.9123586467, 237664.36078782319 3813746.492775965, 237665.2025227851 3813745.9882594445, 237665.99075329656 3813745.403667855, 237666.71788826678 3813744.7446311335, 237667.37692498855 3813744.017496163, 237667.96151657795 3813743.2292656517, 237668.4660330984 3813742.38753069, 237668.88561578002 3813741.5003976454, 237669.21622381223 3813740.5764100943, 237669.45467325894 3813739.6244665417, 237669.59866772164 3813738.653734725, 237669.64682045492 3813737.6735633216, 237669.59866772164 3813736.693391918, 237669.45467325894 3813735.7226601015, 237669.21622381223 3813734.770716549, 237668.88561578002 3813733.846728998, 237668.4660330984 3813732.959595953, 237667.96151657795 3813732.1178609915, 237667.37692498855 3813731.32963048, 237666.71788826678 3813730.6024955097, 237665.99075329656 3813729.943458788, 237665.2025227851 3813729.3588671987, 237664.36078782319 3813728.854350678, 237663.47365477856 3813728.4347679964, 237662.54966722746 3813728.1041599642, 237661.59772367508 3813727.8657105174, 237660.6269918582 3813727.7217160547, 237659.64682045492 3813727.6735633216, 237658.66664905162 3813727.7217160547))",[18619661],
62,16.0,3.0,True,"(237592.39182377228, 3813812.364901115)","POLYGON ((237619.00261739758 3813801.7075000205, 237618.0506738452 3813801.9459494674, 237617.1266862941 3813802.2765574995, 237616.23955324947 3813802.6961401813, 237615.39781828754 3813803.200656702, 237615.00410483615 3813803.492654498, 237614.24278924734 3813803.036339495, 237613.3556562027 3813802.616756813, 237612.4316686516 3813802.286148781, 237611.47972509923 3813802.047699334, 237610.50899328236 3813801.9037048714, 237609.52882187907 3813801.8555521383, 237608.54865047577 3813801.9037048714, 237607.5779186589 3813802.047699334, 237606.62597510652 3813802.286148781, 237605.70198755543 3813802.616756813, 237604.8148545108 3813803.036339495, 237603.97311954887 3813803.5408560154, 237603.58007722028 3813803.832356073, 237602.8180905092 3813803.3756388146, 237601.93095746456 3813802.956056133, 237601.00696991346 3813802.6254481007, 237600.05502636108 3813802.386998654, 237599.0842945442 3813802.243004191, 237598.10412314092 3813802.194851458, 237597.12395173762 3813802.243004191, 237596.15321992076 3813802.386998654, 237595.20127636837 3813802.6254481007, 237594.27728881728 3813802.956056133, 237593.39015577265 3813803.3756388146, 237592.54842081072 3813803.880155335, 237592.15475205472 3813804.172119983, 237591.39349176988 3813803.715838128, 237590.50635872525 3813803.296255446, 237589.58237117415 3813802.965647414, 237588.63042762177 3813802.727197967, 237587.6596958049 3813802.5832035043, 237586.6795244016 3813802.535050771, 237585.69935299832 3813802.5832035043, 237584.72862118145 3813802.727197967, 237583.77667762907 3813802.965647414, 237582.85269007797 3813803.296255446, 237581.96555703334 3813803.715838128, 237581.12382207141 3813804.2203546483, 237580.73085431714 3813804.511799398, 237579.96879302998 3813804.0550374403, 237579.08165998536 3813803.6354547585, 237578.15767243426 3813803.3048467264, 237577.20572888188 3813803.0663972795, 237576.234997065 3813802.922402817, 237575.25482566172 3813802.8742500837, 237574.27465425842 3813802.922402817, 237573.30392244156 3813803.0663972795, 237572.35197888917 3813803.3048467264, 237571.42799133807 3813803.6354547585, 237570.54085829345 3813804.0550374403, 237569.69912333152 3813804.559553961, 237569.30540987593 3813804.85155176, 237568.54409429515 3813804.395236762, 237567.65696125053 3813803.97565408, 237566.73297369943 3813803.645046048, 237565.78103014705 3813803.406596601, 237564.81029833018 3813803.2626021383, 237563.83012692688 3813803.214449405, 237562.8499555236 3813803.2626021383, 237561.87922370672 3813803.406596601, 237560.92728015434 3813803.645046048, 237560.00329260324 3813803.97565408, 237559.11615955862 3813804.395236762, 237558.2744245967 3813804.8997532823, 237557.48619408524 3813805.4843448717, 237556.75905911502 3813806.1433815933, 237556.10002239325 3813806.8705165638, 237555.51543080385 3813807.658747075, 237555.0109142834 3813808.5004820367, 237554.59133160178 3813809.3876150814, 237554.26072356958 3813810.3116026325, 237554.02227412286 3813811.263546185, 237553.87827966016 3813812.234278002, 237553.83012692688 3813813.214449405, 237553.87827966016 3813814.1946208086, 237554.02227412286 3813815.1653526253, 237554.26072356958 3813816.117296178, 237554.59133160178 3813817.041283729, 237555.0109142834 3813817.9284167737, 237555.51543080385 3813818.7701517353, 237556.10002239325 3813819.5583822466, 237556.75905911502 3813820.285517217, 237557.48619408524 3813820.9445539387, 237558.2744245967 3813821.529145528, 237559.11615955862 3813822.0336620486, 237560.00329260324 3813822.4532447304, 237560.92728015434 3813822.7838527625, 237561.87922370672 3813823.0223022094, 237562.8499555236 3813823.166296672, 237563.83012692688 3813823.214449405, 237564.81029833018 3813823.166296672, 237565.78103014705 3813823.0223022094, 237566.73297369943 3813822.7838527625, 237567.65696125053 3813822.4532447304, 237568.54409429515 3813822.0336620486, 237569.38582925708 3813821.529145528, 237569.77954271267 3813821.237147729, 237570.54085829345 3813821.693462727, 237571.42799133807 3813822.113045409, 237572.35197888917 3813822.443653441, 237573.30392244156 3813822.682102888, 237574.27465425842 3813822.8260973506, 237575.25482566172 3813822.8742500837, 237576.234997065 3813822.8260973506, 237577.20572888188 3813822.682102888, 237578.15767243426 3813822.443653441, 237579.08165998536 3813822.113045409, 237579.96879302998 3813821.693462727, 237580.8105279919 3813821.1889462066, 237581.2034957462 3813820.897501457, 237581.96555703334 3813821.3542634146, 237582.85269007797 3813821.7738460964, 237583.77667762907 3813822.1044541285, 237584.72862118145 3813822.3429035754, 237585.69935299832 3813822.486898038, 237586.6795244016 3813822.535050771, 237587.6596958049 3813822.486898038, 237588.63042762177 3813822.3429035754, 237589.58237117415 3813822.1044541285, 237590.50635872525 3813821.7738460964, 237591.39349176988 3813821.3542634146, 237592.2352267318 3813820.849746894, 237592.6288954878 3813820.5577822463, 237593.39015577265 3813821.0140641015, 237594.27728881728 3813821.433646783, 237595.20127636837 3813821.7642548154, 237596.15321992076 3813822.0027042623, 237597.12395173762 3813822.146698725, 237598.10412314092 3813822.194851458, 237599.0842945442 3813822.146698725, 237600.05502636108 3813822.0027042623, 237601.00696991346 3813821.7642548154, 237601.93095746456 3813821.433646783, 237602.8180905092 3813821.0140641015, 237603.6598254711 3813820.509547581, 237604.0528677997 3813820.2180475234, 237604.8148545108 3813820.6747647817, 237605.70198755543 3813821.0943474635, 237606.62597510652 3813821.4249554956, 237607.5779186589 3813821.6634049425, 237608.54865047577 3813821.807399405, 237609.52882187907 3813821.8555521383, 237610.50899328236 3813821.807399405, 237611.47972509923 3813821.6634049425, 237612.4316686516 3813821.4249554956, 237613.3556562027 3813821.0943474635, 237614.24278924734 3813820.6747647817, 237615.08452420926 3813820.170248261, 237615.47823766066 3813819.878250465, 237616.23955324947 3813820.334565468, 237617.1266862941 3813820.75414815, 237618.0506738452 3813821.084756182, 237619.00261739758 3813821.323205629, 237619.97334921444 3813821.4672000916, 237620.95352061774 3813821.5153528247, 237621.93369202103 3813821.4672000916, 237622.9044238379 3813821.323205629, 237623.85636739028 3813821.084756182, 237624.78035494138 3813820.75414815, 237625.667487986 3813820.334565468, 237626.50922294793 3813819.8300489476, 237627.29745345938 3813819.245457358, 237628.0245884296 3813818.5864206366, 237628.68362515137 3813817.859285666, 237629.26821674078 3813817.071055155, 237629.77273326123 3813816.229320193, 237630.19231594284 3813815.3421871485, 237630.52292397505 3813814.4181995974, 237630.76137342176 3813813.466256045, 237630.90536788446 3813812.495524228, 237630.95352061774 3813811.5153528247, 237630.90536788446 3813810.5351814213, 237630.76137342176 3813809.5644496046, 237630.52292397505 3813808.612506052, 237630.19231594284 3813807.688518501, 237629.77273326123 3813806.801385456, 237629.26821674078 3813805.9596504946, 237628.68362515137 3813805.1714199833, 237628.0245884296 3813804.444285013, 237627.29745345938 3813803.785248291, 237626.50922294793 3813803.200656702, 237625.667487986 3813802.6961401813, 237624.78035494138 3813802.2765574995, 237623.85636739028 3813801.9459494674, 237622.9044238379 3813801.7075000205, 237621.93369202103 3813801.563505558, 237620.95352061774 3813801.5153528247, 237619.97334921444 3813801.563505558, 237619.00261739758 3813801.7075000205))",[18619260],
63,16.0,3.0,True,"(237661.97221550107, 3813821.1152398186)","POLYGON ((237660.0213122809 3813810.817301313, 237659.06936872852 3813811.05575076, 237658.14538117743 3813811.386358792, 237657.2582481328 3813811.8059414737, 237656.41651317087 3813812.310457994, 237655.62828265943 3813812.8950495836, 237654.9011476892 3813813.554086305, 237654.24211096743 3813814.2812212757, 237653.65751937803 3813815.069451787, 237653.15300285758 3813815.9111867486, 237652.73342017597 3813816.7983197933, 237652.40281214376 3813817.7223073444, 237652.16436269705 3813818.674250897, 237652.02036823434 3813819.6449827137, 237651.97221550107 3813820.625154117, 237652.02036823434 3813821.6053255205, 237652.16436269705 3813822.576057337, 237652.40281214376 3813823.52800089, 237652.73342017597 3813824.451988441, 237653.15300285758 3813825.3391214856, 237653.65751937803 3813826.180856447, 237654.24211096743 3813826.9690869586, 237654.9011476892 3813827.696221929, 237655.62828265943 3813828.3552586506, 237656.41651317087 3813828.93985024, 237657.2582481328 3813829.4443667606, 237658.14538117743 3813829.8639494423, 237659.06936872852 3813830.1945574745, 237660.0213122809 3813830.4330069213, 237660.99204409777 3813830.577001384, 237661.97221550107 3813830.625154117, 237662.95238690436 3813830.577001384, 237663.92311872123 3813830.4330069213, 237664.8750622736 3813830.1945574745, 237665.7990498247 3813829.8639494423, 237666.68618286934 3813829.4443667606, 237667.52791783126 3813828.93985024, 237668.3161483427 3813828.3552586506, 237669.04328331293 3813827.696221929, 237669.7023200347 3813826.9690869586, 237670.2869116241 3813826.180856447, 237670.79142814456 3813825.3391214856, 237671.21101082617 3813824.451988441, 237671.54161885838 3813823.52800089, 237671.7800683051 3813822.576057337, 237671.9240627678 3813821.6053255205, 237671.97221550107 3813820.625154117, 237671.9240627678 3813819.6449827137, 237671.7800683051 3813818.674250897, 237671.54161885838 3813817.7223073444, 237671.21101082617 3813816.7983197933, 237670.79142814456 3813815.9111867486, 237670.2869116241 3813815.069451787, 237669.7023200347 3813814.2812212757, 237669.04328331293 3813813.554086305, 237668.3161483427 3813812.8950495836, 237667.52791783126 3813812.310457994, 237666.68618286934 3813811.8059414737, 237665.7990498247 3813811.386358792, 237664.8750622736 3813811.05575076, 237663.92311872123 3813810.817301313, 237662.95238690436 3813810.6733068503, 237661.97221550107 3813810.625154117, 237660.99204409777 3813810.6733068503, 237660.0213122809 3813810.817301313))",[18619041],
64,16.0,3.0,True,"(237465.98233677342, 3813833.50952735)","POLYGON ((237464.03143355326 3813823.2115888437, 237463.07949000088 3813823.4500382906, 237462.15550244978 3813823.7806463228, 237461.26836940515 3813824.2002290045, 237460.42663444323 3813824.704745525, 237459.63840393178 3813825.2893371144, 237458.91126896156 3813825.948373836, 237458.25223223979 3813826.6755088065, 237457.66764065038 3813827.463739318, 237457.16312412993 3813828.3054742794, 237456.74354144832 3813829.192607324, 237456.4129334161 3813830.116594875, 237456.1744839694 3813831.068538428, 237456.0304895067 3813832.0392702445, 237455.98233677342 3813833.019441648, 237456.0304895067 3813833.9996130513, 237456.1744839694 3813834.970344868, 237456.4129334161 3813835.9222884206, 237456.74354144832 3813836.8462759717, 237457.16312412993 3813837.7334090164, 237457.66764065038 3813838.575143978, 237458.25223223979 3813839.3633744894, 237458.91126896156 3813840.09050946, 237459.63840393178 3813840.7495461814, 237460.42663444323 3813841.334137771, 237461.26836940515 3813841.8386542914, 237462.15550244978 3813842.258236973, 237463.07949000088 3813842.5888450053, 237464.03143355326 3813842.827294452, 237465.00216537013 3813842.971288915, 237465.98233677342 3813843.019441648, 237466.96250817672 3813842.971288915, 237467.93323999358 3813842.827294452, 237468.88518354596 3813842.5888450053, 237469.80917109706 3813842.258236973, 237470.6963041417 3813841.8386542914, 237471.53803910362 3813841.334137771, 237472.32626961506 3813840.7495461814, 237473.05340458528 3813840.09050946, 237473.71244130706 3813839.3633744894, 237474.29703289646 3813838.575143978, 237474.8015494169 3813837.7334090164, 237475.22113209852 3813836.8462759717, 237475.55174013073 3813835.9222884206, 237475.79018957744 3813834.970344868, 237475.93418404015 3813833.9996130513, 237475.98233677342 3813833.019441648, 237475.93418404015 3813832.0392702445, 237475.79018957744 3813831.068538428, 237475.55174013073 3813830.116594875, 237475.22113209852 3813829.192607324, 237474.8015494169 3813828.3054742794, 237474.29703289646 3813827.463739318, 237473.71244130706 3813826.6755088065, 237473.05340458528 3813825.948373836, 237472.32626961506 3813825.2893371144, 237471.53803910362 3813824.704745525, 237470.6963041417 3813824.2002290045, 237469.80917109706 3813823.7806463228, 237468.88518354596 3813823.4500382906, 237467.93323999358 3813823.2115888437, 237466.96250817672 3813823.067594381, 237465.98233677342 3813823.019441648, 237465.00216537013 3813823.067594381, 237464.03143355326 3813823.2115888437))",[18619292],
68,16.0,3.0,True,"(237680.7604070315, 3813933.7152282065)","POLYGON ((237678.80950381135 3813923.417289701, 237677.85756025897 3813923.6557391477, 237676.93357270787 3813923.98634718, 237676.04643966325 3813924.4059298616, 237675.20470470132 3813924.910446382, 237674.41647418987 3813925.4950379715, 237673.68933921965 3813926.154074693, 237673.03030249788 3813926.8812096636, 237672.44571090848 3813927.669440175, 237671.94119438803 3813928.5111751365, 237671.5216117064 3813929.398308181, 237671.1910036742 3813930.3222957323, 237670.9525542275 3813931.274239285, 237670.8085597648 3813932.2449711016, 237670.7604070315 3813933.225142505, 237670.8085597648 3813934.2053139084, 237670.9525542275 3813935.176045725, 237671.1910036742 3813936.1279892777, 237671.5216117064 3813937.051976829, 237671.94119438803 3813937.9391098735, 237672.44571090848 3813938.780844835, 237673.03030249788 3813939.5690753465, 237673.68933921965 3813940.296210317, 237674.41647418987 3813940.9552470385, 237675.20470470132 3813941.539838628, 237676.04643966325 3813942.0443551484, 237676.93357270787 3813942.46393783, 237677.85756025897 3813942.7945458624, 237678.80950381135 3813943.032995309, 237679.78023562822 3813943.176989772, 237680.7604070315 3813943.225142505, 237681.7405784348 3813943.176989772, 237682.71131025167 3813943.032995309, 237683.66325380406 3813942.7945458624, 237684.58724135516 3813942.46393783, 237685.47437439978 3813942.0443551484, 237686.3161093617 3813941.539838628, 237687.10433987316 3813940.9552470385, 237687.83147484338 3813940.296210317, 237688.49051156515 3813939.5690753465, 237689.07510315455 3813938.780844835, 237689.579619675 3813937.9391098735, 237689.99920235662 3813937.051976829, 237690.32981038882 3813936.1279892777, 237690.56825983553 3813935.176045725, 237690.71225429824 3813934.2053139084, 237690.7604070315 3813933.225142505, 237690.71225429824 3813932.2449711016, 237690.56825983553 3813931.274239285, 237690.32981038882 3813930.3222957323, 237689.99920235662 3813929.398308181, 237689.579619675 3813928.5111751365, 237689.07510315455 3813927.669440175, 237688.49051156515 3813926.8812096636, 237687.83147484338 3813926.154074693, 237687.10433987316 3813925.4950379715, 237686.3161093617 3813924.910446382, 237685.47437439978 3813924.4059298616, 237684.58724135516 3813923.98634718, 237683.66325380406 3813923.6557391477, 237682.71131025167 3813923.417289701, 237681.7405784348 3813923.273295238, 237680.7604070315 3813923.225142505, 237679.78023562822 3813923.273295238, 237678.80950381135 3813923.417289701))",[18619612],
69,16.0,3.0,True,"(237481.3146786945, 3813945.5115798526)","POLYGON ((237497.47155539852 3813935.050383608, 237496.50082358165 3813935.1943780705, 237495.54888002927 3813935.4328275174, 237494.62489247817 3813935.7634355496, 237493.73775943354 3813936.1830182313, 237492.8960244716 3813936.687534752, 237492.50305671364 3813936.978979504, 237491.74099543042 3813936.522217549, 237490.8538623858 3813936.102634867, 237489.9298748347 3813935.772026835, 237488.9779312823 3813935.533577388, 237488.00719946544 3813935.3895829255, 237487.02702806215 3813935.3414301923, 237486.04685665885 3813935.3895829255, 237485.076124842 3813935.533577388, 237484.1241812896 3813935.772026835, 237483.2001937385 3813936.102634867, 237482.31306069388 3813936.522217549, 237481.47132573195 3813937.0267340695, 237481.0776122799 3813937.3187318663, 237480.31629669442 3813936.862416865, 237479.4291636498 3813936.442834183, 237478.5051760987 3813936.112226151, 237477.5532325463 3813935.873776704, 237476.58250072945 3813935.7297822414, 237475.60232932615 3813935.6816295083, 237474.62215792286 3813935.7297822414, 237473.651426106 3813935.873776704, 237472.6994825536 3813936.112226151, 237471.7754950025 3813936.442834183, 237470.88836195788 3813936.862416865, 237470.04662699596 3813937.3669333854, 237469.65358466515 3813937.658433445, 237468.89159795546 3813937.201716187, 237468.00446491083 3813936.782133505, 237467.08047735973 3813936.451525473, 237466.12853380735 3813936.213076026, 237465.15780199048 3813936.0690815635, 237464.1776305872 3813936.0209288304, 237463.1974591839 3813936.0690815635, 237462.22672736703 3813936.213076026, 237461.27478381465 3813936.451525473, 237460.35079626355 3813936.782133505, 237459.46366321892 3813937.201716187, 237458.621928257 3813937.7062327075, 237457.83369774555 3813938.290824297, 237457.10656277533 3813938.9498610185, 237456.44752605355 3813939.676995989, 237455.86293446415 3813940.4652265003, 237455.3584179437 3813941.306961462, 237454.9388352621 3813942.1940945066, 237454.60822722988 3813943.1180820577, 237454.36977778317 3813944.0700256103, 237454.22578332046 3813945.040757427, 237454.1776305872 3813946.0209288304, 237454.22578332046 3813947.0011002338, 237454.36977778317 3813947.9718320505, 237454.60822722988 3813948.923775603, 237454.9388352621 3813949.847763154, 237455.3584179437 3813950.734896199, 237455.86293446415 3813951.5766311605, 237456.44752605355 3813952.364861672, 237457.10656277533 3813953.0919966423, 237457.83369774555 3813953.751033364, 237458.621928257 3813954.3356249533, 237459.46366321892 3813954.840141474, 237460.35079626355 3813955.2597241555, 237461.27478381465 3813955.5903321877, 237462.22672736703 3813955.8287816346, 237463.1974591839 3813955.9727760972, 237464.1776305872 3813956.0209288304, 237465.15780199048 3813955.9727760972, 237466.12853380735 3813955.8287816346, 237467.08047735973 3813955.5903321877, 237468.00446491083 3813955.2597241555, 237468.89159795546 3813954.840141474, 237469.73333291739 3813954.3356249533, 237470.12637524796 3813954.044124894, 237470.88836195788 3813954.5008421517, 237471.7754950025 3813954.9204248334, 237472.6994825536 3813955.2510328656, 237473.651426106 3813955.4894823125, 237474.62215792286 3813955.633476775, 237475.60232932615 3813955.6816295083, 237476.58250072945 3813955.633476775, 237477.5532325463 3813955.4894823125, 237478.5051760987 3813955.2510328656, 237479.4291636498 3813954.9204248334, 237480.31629669442 3813954.5008421517, 237481.15803165635 3813953.996325631, 237481.5517451082 3813953.7043278343, 237482.31306069388 3813954.160642836, 237483.2001937385 3813954.5802255175, 237484.1241812896 3813954.9108335497, 237485.076124842 3813955.1492829965, 237486.04685665885 3813955.293277459, 237487.02702806215 3813955.3414301923, 237488.00719946544 3813955.293277459, 237488.9779312823 3813955.1492829965, 237489.9298748347 3813954.9108335497, 237490.8538623858 3813954.5802255175, 237491.74099543042 3813954.160642836, 237492.58273039234 3813953.6561263152, 237492.97569815032 3813953.364681563, 237493.73775943354 3813953.821443518, 237494.62489247817 3813954.2410262, 237495.54888002927 3813954.571634232, 237496.50082358165 3813954.810083679, 237497.47155539852 3813954.9540781416, 237498.4517268018 3813955.0022308747, 237499.4318982051 3813954.9540781416, 237500.40263002197 3813954.810083679, 237501.35457357435 3813954.571634232, 237502.27856112545 3813954.2410262, 237503.16569417008 3813953.821443518, 237504.007429132 3813953.3169269976, 237504.79565964345 3813952.732335408, 237505.52279461367 3813952.0732986866, 237506.18183133545 3813951.346163716, 237506.76642292485 3813950.557933205, 237507.2709394453 3813949.716198243, 237507.6905221269 3813948.8290651985, 237508.02113015912 3813947.9050776474, 237508.25957960583 3813946.953134095, 237508.40357406854 3813945.982402278, 237508.4517268018 3813945.0022308747, 237508.40357406854 3813944.0220594713, 237508.25957960583 3813943.0513276546, 237508.02113015912 3813942.099384102, 237507.6905221269 3813941.175396551, 237507.2709394453 3813940.2882635063, 237506.76642292485 3813939.4465285446, 237506.18183133545 3813938.6582980333, 237505.52279461367 3813937.931163063, 237504.79565964345 3813937.2721263412, 237504.007429132 3813936.687534752, 237503.16569417008 3813936.1830182313, 237502.27856112545 3813935.7634355496, 237501.35457357435 3813935.4328275174, 237500.40263002197 3813935.1943780705, 237499.4318982051 3813935.050383608, 237498.4517268018 3813935.0022308747, 237497.47155539852 3813935.050383608))",[18619913],
72,16.0,3.0,True,"(237546.68831675337, 3814027.5977100646)","POLYGON ((237544.7374135332 3814017.299771559, 237543.78546998082 3814017.538221006, 237542.86148242973 3814017.868829038, 237541.9743493851 3814018.2884117197, 237541.13261442317 3814018.7929282403, 237540.34438391172 3814019.3775198297, 237539.6172489415 3814020.0365565512, 237538.95821221973 3814020.7636915217, 237538.37362063033 3814021.551922033, 237537.86910410988 3814022.3936569947, 237537.44952142827 3814023.2807900393, 237537.11891339606 3814024.2047775905, 237536.88046394935 3814025.156721143, 237536.73646948664 3814026.12745296, 237536.68831675337 3814027.107624363, 237536.73646948664 3814028.0877957665, 237536.88046394935 3814029.0585275833, 237537.11891339606 3814030.010471136, 237537.44952142827 3814030.934458687, 237537.86910410988 3814031.8215917316, 237538.37362063033 3814032.6633266932, 237538.95821221973 3814033.4515572046, 237539.6172489415 3814034.178692175, 237540.34438391172 3814034.8377288966, 237541.13261442317 3814035.422320486, 237541.9743493851 3814035.9268370066, 237542.86148242973 3814036.3464196883, 237543.78546998082 3814036.6770277205, 237544.7374135332 3814036.9154771673, 237545.70814535007 3814037.05947163, 237546.68831675337 3814037.107624363, 237547.66848815666 3814037.05947163, 237548.63921997353 3814036.9154771673, 237549.5911635259 3814036.6770277205, 237550.515151077 3814036.3464196883, 237551.40228412164 3814035.9268370066, 237552.24401908356 3814035.422320486, 237553.032249595 3814034.8377288966, 237553.75938456523 3814034.178692175, 237554.418421287 3814033.4515572046, 237555.0030128764 3814032.6633266932, 237555.50752939685 3814031.8215917316, 237555.92711207847 3814030.934458687, 237556.25772011068 3814030.010471136, 237556.4961695574 3814029.0585275833, 237556.6401640201 3814028.0877957665, 237556.68831675337 3814027.107624363, 237556.6401640201 3814026.12745296, 237556.4961695574 3814025.156721143, 237556.25772011068 3814024.2047775905, 237555.92711207847 3814023.2807900393, 237555.50752939685 3814022.3936569947, 237555.0030128764 3814021.551922033, 237554.418421287 3814020.7636915217, 237553.75938456523 3814020.0365565512, 237553.032249595 3814019.3775198297, 237552.24401908356 3814018.7929282403, 237551.40228412164 3814018.2884117197, 237550.515151077 3814017.868829038, 237549.5911635259 3814017.538221006, 237548.63921997353 3814017.299771559, 237547.66848815666 3814017.1557770963, 237546.68831675337 3814017.107624363, 237545.70814535007 3814017.1557770963, 237544.7374135332 3814017.299771559))",[18619598],"{73: {'kv': 16, 'phases': 3, 'inservice': True, 'pos': (237523.82181927806, 3814028.277808698), 'blob': <POLYGON ((237522.842 3814017.836, 237521.871 3814017.98, 237520.919 3814018...>, 'secids': [18618967]}}"
74,16.0,3.0,True,"(237691.22969972517, 3814042.2070165873)","POLYGON ((237690.24952832187 3814031.765083619, 237689.278796505 3814031.9090780816, 237688.32685295262 3814032.1475275285, 237687.40286540153 3814032.4781355606, 237686.5157323569 3814032.8977182424, 237685.67399739497 3814033.402234763, 237684.88576688353 3814033.9868263523, 237684.1586319133 3814034.645863074, 237683.49959519153 3814035.3729980444, 237682.91500360213 3814036.1612285557, 237682.41048708168 3814037.0029635173, 237681.99090440007 3814037.890096562, 237681.66029636786 3814038.814084113, 237681.42184692115 3814039.7660276657, 237681.27785245844 3814040.7367594824, 237681.22969972517 3814041.716930886, 237681.27785245844 3814042.697102289, 237681.42184692115 3814043.667834106, 237681.66029636786 3814044.6197776585, 237681.99090440007 3814045.5437652096, 237682.41048708168 3814046.4308982543, 237682.91500360213 3814047.272633216, 237683.49959519153 3814048.0608637272, 237684.1586319133 3814048.7879986977, 237684.88576688353 3814049.4470354193, 237685.67399739497 3814050.0316270087, 237686.5157323569 3814050.536143529, 237687.40286540153 3814050.955726211, 237688.32685295262 3814051.286334243, 237689.278796505 3814051.52478369, 237690.24952832187 3814051.6687781527, 237691.22969972517 3814051.716930886, 237692.20987112846 3814051.6687781527, 237693.18060294533 3814051.52478369, 237694.1325464977 3814051.286334243, 237695.0565340488 3814050.955726211, 237695.94366709344 3814050.536143529, 237696.78540205536 3814050.0316270087, 237697.5736325668 3814049.4470354193, 237698.30076753703 3814048.7879986977, 237698.9598042588 3814048.0608637272, 237699.5443958482 3814047.272633216, 237700.04891236866 3814046.4308982543, 237700.46849505027 3814045.5437652096, 237700.79910308248 3814044.6197776585, 237701.0375525292 3814043.667834106, 237701.1815469919 3814042.697102289, 237701.22969972517 3814041.716930886, 237701.1815469919 3814040.7367594824, 237701.0375525292 3814039.7660276657, 237700.79910308248 3814038.814084113, 237700.46849505027 3814037.890096562, 237700.04891236866 3814037.0029635173, 237699.5443958482 3814036.1612285557, 237698.9598042588 3814035.3729980444, 237698.30076753703 3814034.645863074, 237697.5736325668 3814033.9868263523, 237696.78540205536 3814033.402234763, 237695.94366709344 3814032.8977182424, 237695.0565340488 3814032.4781355606, 237694.1325464977 3814032.1475275285, 237693.18060294533 3814031.9090780816, 237692.20987112846 3814031.765083619, 237691.22969972517 3814031.716930886, 237690.24952832187 3814031.765083619))",[199763057],
78,16.0,3.0,True,"(237245.4172458137, 3814110.947783662)","POLYGON ((237244.4370744104 3814100.5058506937, 237243.46634259354 3814100.6498451564, 237242.51439904116 3814100.888294603, 237241.59041149006 3814101.2189026354, 237240.70327844543 3814101.638485317, 237239.8615434835 3814102.1430018377, 237239.07331297206 3814102.727593427, 237238.34617800184 3814103.3866301486, 237237.68714128007 3814104.113765119, 237237.10254969067 3814104.9019956305, 237236.59803317022 3814105.743730592, 237236.1784504886 3814106.6308636367, 237235.8478424564 3814107.554851188, 237235.60939300968 3814108.5067947404, 237235.46539854698 3814109.477526557, 237235.4172458137 3814110.4576979605, 237235.46539854698 3814111.437869364, 237235.60939300968 3814112.4086011807, 237235.8478424564 3814113.3605447332, 237236.1784504886 3814114.2845322844, 237236.59803317022 3814115.171665329, 237237.10254969067 3814116.0134002906, 237237.68714128007 3814116.801630802, 237238.34617800184 3814117.5287657725, 237239.07331297206 3814118.187802494, 237239.8615434835 3814118.7723940834, 237240.70327844543 3814119.276910604, 237241.59041149006 3814119.6964932857, 237242.51439904116 3814120.027101318, 237243.46634259354 3814120.2655507647, 237244.4370744104 3814120.4095452274, 237245.4172458137 3814120.4576979605, 237246.397417217 3814120.4095452274, 237247.36814903386 3814120.2655507647, 237248.32009258625 3814120.027101318, 237249.24408013735 3814119.6964932857, 237250.13121318197 3814119.276910604, 237250.9729481439 3814118.7723940834, 237251.76117865535 3814118.187802494, 237252.48831362557 3814117.5287657725, 237253.14735034734 3814116.801630802, 237253.73194193674 3814116.0134002906, 237254.2364584572 3814115.171665329, 237254.6560411388 3814114.2845322844, 237254.986649171 3814113.3605447332, 237255.22509861772 3814112.4086011807, 237255.36909308043 3814111.437869364, 237255.4172458137 3814110.4576979605, 237255.36909308043 3814109.477526557, 237255.22509861772 3814108.5067947404, 237254.986649171 3814107.554851188, 237254.6560411388 3814106.6308636367, 237254.2364584572 3814105.743730592, 237253.73194193674 3814104.9019956305, 237253.14735034734 3814104.113765119, 237252.48831362557 3814103.3866301486, 237251.76117865535 3814102.727593427, 237250.9729481439 3814102.1430018377, 237250.13121318197 3814101.638485317, 237249.24408013735 3814101.2189026354, 237248.32009258625 3814100.888294603, 237247.36814903386 3814100.6498451564, 237246.397417217 3814100.5058506937, 237245.4172458137 3814100.4576979605, 237244.4370744104 3814100.5058506937))",[196143449],
80,16.0,3.0,True,"(237308.42403691955, 3814143.356583574)","POLYGON ((237307.44386551625 3814132.914650605, 237306.4731336994 3814133.0586450677, 237305.521190147 3814133.2970945146, 237304.5972025959 3814133.627702547, 237303.71006955128 3814134.0472852285, 237302.86833458935 3814134.551801749, 237302.0801040779 3814135.1363933384, 237301.35296910768 3814135.79543006, 237300.6939323859 3814136.5225650305, 237300.1093407965 3814137.310795542, 237299.60482427606 3814138.1525305035, 237299.18524159444 3814139.039663548, 237298.85463356224 3814139.9636510992, 237298.61618411553 3814140.915594652, 237298.47218965282 3814141.8863264685, 237298.42403691955 3814142.866497872, 237298.47218965282 3814143.8466692753, 237298.61618411553 3814144.817401092, 237298.85463356224 3814145.7693446446, 237299.18524159444 3814146.6933321957, 237299.60482427606 3814147.5804652404, 237300.1093407965 3814148.422200202, 237300.6939323859 3814149.2104307134, 237301.35296910768 3814149.937565684, 237302.0801040779 3814150.5966024054, 237302.86833458935 3814151.181193995, 237303.71006955128 3814151.6857105154, 237304.5972025959 3814152.105293197, 237305.521190147 3814152.4359012293, 237306.4731336994 3814152.674350676, 237307.44386551625 3814152.818345139, 237308.42403691955 3814152.866497872, 237309.40420832284 3814152.818345139, 237310.3749401397 3814152.674350676, 237311.3268836921 3814152.4359012293, 237312.2508712432 3814152.105293197, 237313.13800428782 3814151.6857105154, 237313.97973924974 3814151.181193995, 237314.7679697612 3814150.5966024054, 237315.4951047314 3814149.937565684, 237316.15414145318 3814149.2104307134, 237316.73873304258 3814148.422200202, 237317.24324956303 3814147.5804652404, 237317.66283224465 3814146.6933321957, 237317.99344027686 3814145.7693446446, 237318.23188972357 3814144.817401092, 237318.37588418627 3814143.8466692753, 237318.42403691955 3814142.866497872, 237318.37588418627 3814141.8863264685, 237318.23188972357 3814140.915594652, 237317.99344027686 3814139.9636510992, 237317.66283224465 3814139.039663548, 237317.24324956303 3814138.1525305035, 237316.73873304258 3814137.310795542, 237316.15414145318 3814136.5225650305, 237315.4951047314 3814135.79543006, 237314.7679697612 3814135.1363933384, 237313.97973924974 3814134.551801749, 237313.13800428782 3814134.0472852285, 237312.2508712432 3814133.627702547, 237311.3268836921 3814133.2970945146, 237310.3749401397 3814133.0586450677, 237309.40420832284 3814132.914650605, 237308.42403691955 3814132.866497872, 237307.44386551625 3814132.914650605))",[196143372],
82,16.0,3.0,True,"(237621.1576998189, 3814179.4743971806)","POLYGON ((237620.1775284156 3814169.032464212, 237619.20679659874 3814169.1764586745, 237618.25485304635 3814169.4149081213, 237617.33086549526 3814169.7455161535, 237616.44373245063 3814170.1650988352, 237615.6019974887 3814170.669615356, 237614.81376697725 3814171.254206945, 237614.08663200703 3814171.9132436668, 237613.42759528526 3814172.6403786372, 237612.84300369586 3814173.4286091486, 237612.3384871754 3814174.27034411, 237611.9189044938 3814175.157477155, 237611.5882964616 3814176.081464706, 237611.34984701488 3814177.0334082586, 237611.20585255217 3814178.0041400753, 237611.1576998189 3814178.9843114787, 237611.20585255217 3814179.964482882, 237611.34984701488 3814180.935214699, 237611.5882964616 3814181.8871582514, 237611.9189044938 3814182.8111458025, 237612.3384871754 3814183.698278847, 237612.84300369586 3814184.5400138088, 237613.42759528526 3814185.32824432, 237614.08663200703 3814186.0553792906, 237614.81376697725 3814186.714416012, 237615.6019974887 3814187.2990076016, 237616.44373245063 3814187.803524122, 237617.33086549526 3814188.223106804, 237618.25485304635 3814188.553714836, 237619.20679659874 3814188.792164283, 237620.1775284156 3814188.9361587455, 237621.1576998189 3814188.9843114787, 237622.1378712222 3814188.9361587455, 237623.10860303906 3814188.792164283, 237624.06054659144 3814188.553714836, 237624.98453414254 3814188.223106804, 237625.87166718717 3814187.803524122, 237626.7134021491 3814187.2990076016, 237627.50163266054 3814186.714416012, 237628.22876763076 3814186.0553792906, 237628.88780435253 3814185.32824432, 237629.47239594194 3814184.5400138088, 237629.97691246239 3814183.698278847, 237630.396495144 3814182.8111458025, 237630.7271031762 3814181.8871582514, 237630.96555262292 3814180.935214699, 237631.10954708562 3814179.964482882, 237631.1576998189 3814178.9843114787, 237631.10954708562 3814178.0041400753, 237630.96555262292 3814177.0334082586, 237630.7271031762 3814176.081464706, 237630.396495144 3814175.157477155, 237629.97691246239 3814174.27034411, 237629.47239594194 3814173.4286091486, 237628.88780435253 3814172.6403786372, 237628.22876763076 3814171.9132436668, 237627.50163266054 3814171.254206945, 237626.7134021491 3814170.669615356, 237625.87166718717 3814170.1650988352, 237624.98453414254 3814169.7455161535, 237624.06054659144 3814169.4149081213, 237623.10860303906 3814169.1764586745, 237622.1378712222 3814169.032464212, 237621.1576998189 3814168.9843114787, 237620.1775284156 3814169.032464212))",[196143152],
84,16.0,3.0,True,"(237629.2259959643, 3814231.711391759)","POLYGON ((237627.27509274415 3814221.413453253, 237626.32314919177 3814221.6519027, 237625.39916164067 3814221.982510732, 237624.51202859604 3814222.4020934138, 237623.67029363412 3814222.9066099343, 237622.88206312267 3814223.4912015237, 237622.15492815245 3814224.1502382453, 237621.49589143068 3814224.8773732157, 237620.91129984127 3814225.665603727, 237620.40678332082 3814226.5073386887, 237619.9872006392 3814227.3944717334, 237619.656592607 3814228.3184592845, 237619.4181431603 3814229.270402837, 237619.2741486976 3814230.241134654, 237619.2259959643 3814231.221306057, 237619.2741486976 3814232.2014774606, 237619.4181431603 3814233.1722092773, 237619.656592607 3814234.12415283, 237619.9872006392 3814235.048140381, 237620.40678332082 3814235.9352734257, 237620.91129984127 3814236.7770083873, 237621.49589143068 3814237.5652388986, 237622.15492815245 3814238.292373869, 237622.88206312267 3814238.9514105907, 237623.67029363412 3814239.53600218, 237624.51202859604 3814240.0405187006, 237625.39916164067 3814240.4601013823, 237626.32314919177 3814240.7907094145, 237627.27509274415 3814241.0291588614, 237628.24582456102 3814241.173153324, 237629.2259959643 3814241.221306057, 237630.2061673676 3814241.173153324, 237631.17689918447 3814241.0291588614, 237632.12884273686 3814240.7907094145, 237633.05283028795 3814240.4601013823, 237633.93996333258 3814240.0405187006, 237634.7816982945 3814239.53600218, 237635.56992880595 3814238.9514105907, 237636.29706377618 3814238.292373869, 237636.95610049795 3814237.5652388986, 237637.54069208735 3814236.7770083873, 237638.0452086078 3814235.9352734257, 237638.4647912894 3814235.048140381, 237638.79539932162 3814234.12415283, 237639.03384876833 3814233.1722092773, 237639.17784323104 3814232.2014774606, 237639.2259959643 3814231.221306057, 237639.17784323104 3814230.241134654, 237639.03384876833 3814229.270402837, 237638.79539932162 3814228.3184592845, 237638.4647912894 3814227.3944717334, 237638.0452086078 3814226.5073386887, 237637.54069208735 3814225.665603727, 237636.95610049795 3814224.8773732157, 237636.29706377618 3814224.1502382453, 237635.56992880595 3814223.4912015237, 237634.7816982945 3814222.9066099343, 237633.93996333258 3814222.4020934138, 237633.05283028795 3814221.982510732, 237632.12884273686 3814221.6519027, 237631.17689918447 3814221.413453253, 237630.2061673676 3814221.2694587903, 237629.2259959643 3814221.221306057, 237628.24582456102 3814221.2694587903, 237627.27509274415 3814221.413453253))",[196143279],
85,16.0,3.0,True,"(237726.17808382894, 3814254.1400947114)","POLYGON ((237724.22718060878 3814243.842156206, 237723.2752370564 3814244.0806056526, 237722.3512495053 3814244.411213685, 237721.46411646067 3814244.8307963666, 237720.62238149875 3814245.335312887, 237719.8341509873 3814245.9199044765, 237719.10701601708 3814246.578941198, 237718.4479792953 3814247.3060761685, 237717.8633877059 3814248.09430668, 237717.35887118545 3814248.9360416415, 237716.93928850384 3814249.823174686, 237716.60868047163 3814250.7471622373, 237716.37023102492 3814251.69910579, 237716.22623656222 3814252.6698376066, 237716.17808382894 3814253.65000901, 237716.22623656222 3814254.6301804134, 237716.37023102492 3814255.60091223, 237716.60868047163 3814256.5528557827, 237716.93928850384 3814257.476843334, 237717.35887118545 3814258.3639763785, 237717.8633877059 3814259.20571134, 237718.4479792953 3814259.9939418514, 237719.10701601708 3814260.721076822, 237719.8341509873 3814261.3801135435, 237720.62238149875 3814261.964705133, 237721.46411646067 3814262.4692216534, 237722.3512495053 3814262.888804335, 237723.2752370564 3814263.2194123673, 237724.22718060878 3814263.457861814, 237725.19791242565 3814263.601856277, 237726.17808382894 3814263.65000901, 237727.15825523224 3814263.601856277, 237728.1289870491 3814263.457861814, 237729.08093060149 3814263.2194123673, 237730.00491815258 3814262.888804335, 237730.8920511972 3814262.4692216534, 237731.73378615914 3814261.964705133, 237732.52201667058 3814261.3801135435, 237733.2491516408 3814260.721076822, 237733.90818836258 3814259.9939418514, 237734.49277995198 3814259.20571134, 237734.99729647243 3814258.3639763785, 237735.41687915404 3814257.476843334, 237735.74748718625 3814256.5528557827, 237735.98593663296 3814255.60091223, 237736.12993109567 3814254.6301804134, 237736.17808382894 3814253.65000901, 237736.12993109567 3814252.6698376066, 237735.98593663296 3814251.69910579, 237735.74748718625 3814250.7471622373, 237735.41687915404 3814249.823174686, 237734.99729647243 3814248.9360416415, 237734.49277995198 3814248.09430668, 237733.90818836258 3814247.3060761685, 237733.2491516408 3814246.578941198, 237732.52201667058 3814245.9199044765, 237731.73378615914 3814245.335312887, 237730.8920511972 3814244.8307963666, 237730.00491815258 3814244.411213685, 237729.08093060149 3814244.0806056526, 237728.1289870491 3814243.842156206, 237727.15825523224 3814243.698161743, 237726.17808382894 3814243.65000901, 237725.19791242565 3814243.698161743, 237724.22718060878 3814243.842156206))",[196185011],
119,16.0,3.0,True,"(237785.01098270284, 3814157.3090089364)","POLYGON ((237783.06007948268 3814147.0110704307, 237782.1081359303 3814147.2495198776, 237781.1841483792 3814147.58012791, 237780.29701533457 3814147.9997105915, 237779.45528037264 3814148.504227112, 237778.6670498612 3814149.0888187014, 237777.93991489097 3814149.747855423, 237777.2808781692 3814150.4749903935, 237776.6962865798 3814151.263220905, 237776.19177005935 3814152.1049558665, 237775.77218737773 3814152.992088911, 237775.44157934553 3814153.9160764623, 237775.20312989881 3814154.868020015, 237775.0591354361 3814155.8387518316, 237775.01098270284 3814156.818923235, 237775.0591354361 3814157.7990946383, 237775.20312989881 3814158.769826455, 237775.44157934553 3814159.7217700076, 237775.77218737773 3814160.6457575588, 237776.19177005935 3814161.5328906034, 237776.6962865798 3814162.374625565, 237777.2808781692 3814163.1628560764, 237777.93991489097 3814163.889991047, 237778.6670498612 3814164.5490277684, 237779.45528037264 3814165.133619358, 237780.29701533457 3814165.6381358784, 237781.1841483792 3814166.05771856, 237782.1081359303 3814166.3883265923, 237783.06007948268 3814166.626776039, 237784.03081129954 3814166.770770502, 237785.01098270284 3814166.818923235, 237785.99115410613 3814166.770770502, 237786.961885923 3814166.626776039, 237787.91382947538 3814166.3883265923, 237788.83781702648 3814166.05771856, 237789.7249500711 3814165.6381358784, 237790.56668503303 3814165.133619358, 237791.35491554448 3814164.5490277684, 237792.0820505147 3814163.889991047, 237792.74108723647 3814163.1628560764, 237793.32567882587 3814162.374625565, 237793.83019534632 3814161.5328906034, 237794.24977802794 3814160.6457575588, 237794.58038606014 3814159.7217700076, 237794.81883550686 3814158.769826455, 237794.96282996956 3814157.7990946383, 237795.01098270284 3814156.818923235, 237794.96282996956 3814155.8387518316, 237794.81883550686 3814154.868020015, 237794.58038606014 3814153.9160764623, 237794.24977802794 3814152.992088911, 237793.83019534632 3814152.1049558665, 237793.32567882587 3814151.263220905, 237792.74108723647 3814150.4749903935, 237792.0820505147 3814149.747855423, 237791.35491554448 3814149.0888187014, 237790.56668503303 3814148.504227112, 237789.7249500711 3814147.9997105915, 237788.83781702648 3814147.58012791, 237787.91382947538 3814147.2495198776, 237786.961885923 3814147.0110704307, 237785.99115410613 3814146.867075968, 237785.01098270284 3814146.818923235, 237784.03081129954 3814146.867075968, 237783.06007948268 3814147.0110704307))",[193519907],"{81: {'kv': 16, 'phases': 3, 'inservice': True, 'pos': (237761.973935604, 3814151.177022567), 'blob': <POLYGON ((237759.835 3814135.048, 237758.883 3814135.286, 237757.959 381413...>, 'secids': [199762982]}, 83: {'pos': (237763.58028252592, 3814202.893402597), 'blob': <POLYGON ((237762.6 3814192.451, 237761.629 3814192.595, 237760.677 3814192....>}}"
70,,,,"(237544.48801947705, 3813983.7330148797)","POLYGON ((237543.50784807376 3813973.2910819114, 237542.5371162569 3813973.435076374, 237541.5851727045 3813973.673525821, 237540.6611851534 3813974.004133853, 237539.77405210878 3813974.423716535, 237538.93231714686 3813974.9282330554, 237538.1440866354 3813975.512824645, 237537.4169516652 3813976.1718613664, 237536.75791494342 3813976.898996337, 237536.173323354 3813977.687226848, 237535.66880683356 3813978.52896181, 237535.24922415195 3813979.4160948545, 237534.91861611974 3813980.3400824056, 237534.68016667303 3813981.292025958, 237534.53617221033 3813982.262757775, 237534.48801947705 3813983.2429291783, 237534.53617221033 3813984.2231005817, 237534.68016667303 3813985.1938323984, 237534.91861611974 3813986.145775951, 237535.24922415195 3813987.069763502, 237535.66880683356 3813987.9568965468, 237536.173323354 3813988.7986315084, 237536.75791494342 3813989.5868620197, 237537.4169516652 3813990.31399699, 237538.1440866354 3813990.973033712, 237538.93231714686 3813991.557625301, 237539.77405210878 3813992.0621418217, 237540.6611851534 3813992.4817245035, 237541.5851727045 3813992.8123325356, 237542.5371162569 3813993.0507819825, 237543.50784807376 3813993.194776445, 237544.48801947705 3813993.2429291783, 237545.46819088035 3813993.194776445, 237546.4389226972 3813993.0507819825, 237547.3908662496 3813992.8123325356, 237548.3148538007 3813992.4817245035, 237549.20198684532 3813992.0621418217, 237550.04372180725 3813991.557625301, 237550.8319523187 3813990.973033712, 237551.55908728892 3813990.31399699, 237552.2181240107 3813989.5868620197, 237552.8027156001 3813988.7986315084, 237553.30723212054 3813987.9568965468, 237553.72681480215 3813987.069763502, 237554.05742283436 3813986.145775951, 237554.29587228107 3813985.1938323984, 237554.43986674378 3813984.2231005817, 237554.48801947705 3813983.2429291783, 237554.43986674378 3813982.262757775, 237554.29587228107 3813981.292025958, 237554.05742283436 3813980.3400824056, 237553.72681480215 3813979.4160948545, 237553.30723212054 3813978.52896181, 237552.8027156001 3813977.687226848, 237552.2181240107 3813976.898996337, 237551.55908728892 3813976.1718613664, 237550.8319523187 3813975.512824645, 237550.04372180725 3813974.9282330554, 237549.20198684532 3813974.423716535, 237548.3148538007 3813974.004133853, 237547.3908662496 3813973.673525821, 237546.4389226972 3813973.435076374, 237545.46819088035 3813973.2910819114, 237544.48801947705 3813973.2429291783, 237543.50784807376 3813973.2910819114))",,
71,,,,"(237261.34584945528, 3814014.9925953615)","POLYGON ((237259.39494623512 3814004.6946568554, 237258.44300268273 3814004.9331063023, 237257.51901513163 3814005.2637143345, 237256.631882087 3814005.683297016, 237255.79014712508 3814006.1878135367, 237255.00191661363 3814006.772405126, 237254.2747816434 3814007.4314418477, 237253.61574492164 3814008.158576818, 237253.03115333224 3814008.9468073295, 237252.5266368118 3814009.788542291, 237252.10705413017 3814010.675675336, 237251.77644609797 3814011.599662887, 237251.53799665126 3814012.5516064395, 237251.39400218855 3814013.5223382562, 237251.34584945528 3814014.5025096596, 237251.39400218855 3814015.482681063, 237251.53799665126 3814016.4534128797, 237251.77644609797 3814017.4053564323, 237252.10705413017 3814018.3293439834, 237252.5266368118 3814019.216477028, 237253.03115333224 3814020.0582119897, 237253.61574492164 3814020.846442501, 237254.2747816434 3814021.5735774715, 237255.00191661363 3814022.232614193, 237255.79014712508 3814022.8172057825, 237256.631882087 3814023.321722303, 237257.51901513163 3814023.741304985, 237258.44300268273 3814024.071913017, 237259.39494623512 3814024.310362464, 237260.36567805198 3814024.4543569265, 237261.34584945528 3814024.5025096596, 237262.32602085857 3814024.4543569265, 237263.29675267544 3814024.310362464, 237264.24869622782 3814024.071913017, 237265.17268377892 3814023.741304985, 237266.05981682354 3814023.321722303, 237266.90155178547 3814022.8172057825, 237267.68978229692 3814022.232614193, 237268.41691726714 3814021.5735774715, 237269.0759539889 3814020.846442501, 237269.6605455783 3814020.0582119897, 237270.16506209876 3814019.216477028, 237270.58464478038 3814018.3293439834, 237270.91525281259 3814017.4053564323, 237271.1537022593 3814016.4534128797, 237271.297696722 3814015.482681063, 237271.34584945528 3814014.5025096596, 237271.297696722 3814013.5223382562, 237271.1537022593 3814012.5516064395, 237270.91525281259 3814011.599662887, 237270.58464478038 3814010.675675336, 237270.16506209876 3814009.788542291, 237269.6605455783 3814008.9468073295, 237269.0759539889 3814008.158576818, 237268.41691726714 3814007.4314418477, 237267.68978229692 3814006.772405126, 237266.90155178547 3814006.1878135367, 237266.05981682354 3814005.683297016, 237265.17268377892 3814005.2637143345, 237264.24869622782 3814004.9331063023, 237263.29675267544 3814004.6946568554, 237262.32602085857 3814004.5506623928, 237261.34584945528 3814004.5025096596, 237260.36567805198 3814004.5506623928, 237259.39494623512 3814004.6946568554))",,
